﻿<?xml version="1.0" encoding="utf-8"?>
<component format="1" id="xamarin.auth">
  <name>Xamarin.Auth</name>
  <publisher>Xamarin</publisher>
  <publisher-url>http://xamarin.com/</publisher-url>
  <version>1.2.3.1</version>
  <summary>A cross-platform API for authenticating users and storing their accounts.</summary>
  <screenshots>
    <img src="screenshots/00.png" title="00" />
  </screenshots>
  <samples>
    <sample id="Xamarin.Auth.Sample.Android">
      <name>Android Sample</name>
      <summary>Android Sample</summary>
    </sample>
    <sample id="Xamarin.Auth.Sample.iOS">
      <name>iOS Unified Sample</name>
      <summary>iOS Unified Sample</summary>
    </sample>
    <sample id="Xamarin.Auth.Sample.iOS-Classic">
      <name>iOS Classic Sample</name>
      <summary>iOS Classic Sample</summary>
    </sample>
  </samples>
</component>